id,name,phone,gender,income,address_street,address_state,address_zipcode
0,CHAN,5468846388,Female,566110,8061 BREE BLVD,OH,56930
1,ZINA,3167613558,Female,325528,2389 DAREN LN,NJ,79804
2,ZOILA,2332073689,Female,795284,1308 HOLLI AVE,IN,23199
3,RODRIGO,4921352636,Male,609363,7915 STEVIE LN,NJ,18163
4,VICTORIA,9990534204,Female,910899,6634 CINDIE DR,NY,90202
5,DENNY,4738645480,Male,230348,9398 ROSARIO ST,MA,81170
6,DARRELL,9560821406,Male,947595,8422 KATHE RD,NJ,82255
7,DWAYNE,7646208106,Male,884030,8952 RAQUEL LN,IN,87020
8,GLEN,6948105125,Male,633613,4066 ALENE ST,PA,34475
9,FREDDY,3046685052,Male,124187,2233 MARIA RD,NH,80857
10,FLORENTINA,6476988737,Female,546586,5955 QUINCY BLVD,IL,25119
11,WARD,4629580546,Male,284841,365 OCTAVIA RD,CT,38896
12,JEAN,6723199197,Male,885546,1118 RANDELL ST,CT,38675
13,MAN,1317814271,Male,160488,3188 ANTONETTA LN,NH,61276
14,FERNANDO,9746237203,Male,52687,3288 SHERRI DR,NH,72814
15,KYLE,9687785011,Male,476293,1762 LYNNETTE RD,PA,19433
16,KARL,2872900585,Female,94007,8351 LING RD,IL,23227
17,MIKI,6151193902,Female,405972,7804 CASSAUNDRA ST,CT,98164
18,TRAVIS,5990554745,Male,585193,4207 JED LN,OH,97242
19,NEWTON,8221045514,Male,973821,9424 JALEESA BLVD,RI,56812
20,LOUIE,3967061162,Male,510199,1395 KASSANDRA DR,NY,81345
21,CARY,7364398875,Male,669773,4816 INGA LN,RI,91405
22,VAUGHN,3795305861,Male,31598,9841 LULA DR,VT,30981
23,DEWITT,2779861933,Male,451807,9397 MILA DR,CT,16131
24,FREDERICK,5972225972,Male,583200,8083 JI LN,NY,15100
25,DIEGO,8893019639,Male,82278,6901 SANDY LN,RI,20940
26,DEMETRIA,5238366006,Female,451335,6940 SHARONDA RD,PA,11873
27,SHARON,3628786113,Female,229711,2048 SHAYNE DR,PA,49638
28,DOMINIC,5725240091,Male,925419,6599 TULA RD,NY,46007
29,PHOEBE,8994479911,Female,169901,8633 SANA DR,VT,25087
30,JESUS,4656046886,Female,74352,766 KELLIE DR,NJ,83184
31,ADAN,8109725063,Male,776961,7614 RORY AVE,VT,80507
32,BOOKER,7816652151,Male,39329,2368 RUTH BLVD,VT,54238
33,NANNIE,3665190898,Female,73204,4517 SHEILA ST,IL,47949
34,BENEDICT,5851770892,Male,150477,7932 LIDIA RD,NJ,33538
35,CHERIE,6594927879,Female,906147,5482 NOEL AVE,NH,23028
36,MARIELLE,7330801769,Female,911693,5730 TYRELL AVE,NH,75239
37,ALVARO,7719422170,Male,875276,1524 STERLING RD,PA,38974
38,KENNETH,5716202719,Male,613505,8603 TAWANA AVE,OH,86662
39,AWILDA,2816934709,Female,416223,3706 AISHA LN,MA,66521
40,CHRISTIAN,4015084887,Male,976875,8714 MALIKA DR,PA,25585
41,HARLEY,1628587760,Male,237586,7610 EDEN BLVD,IN,29835
42,AHMED,8215242184,Male,950289,8639 BRANDA DR,VT,75331
43,PRUDENCE,4999960623,Female,40176,5674 ARIANA BLVD,NY,78826
44,DEMETRIUS,3020487407,Male,868803,1486 RENETTA RD,NH,39503
45,RAPHAEL,8919725084,Male,376653,2732 MARY DR,OH,58669
46,ROSETTE,9734322848,Female,125050,8586 MIESHA RD,CT,65884
47,ILSE,9472031345,Female,916562,6466 TOBIE LN,PA,12684
48,PATRICIA,4181477282,Female,347133,8404 ANAMARIA BLVD,VT,18601
49,ROBBIE,7047628203,Male,879385,6386 HUMBERTO ST,RI,26688
50,GAVIN,5449301942,Male,468164,2408 VERDIE LN,CT,20698
51,MISSY,6810110789,Female,66888,7739 PAOLA AVE,NY,23301
52,JEREMIAH,1086878931,Male,657363,2274 MARIELLE BLVD,NH,81977
53,JENELLE,3105906981,Female,954085,1085 ORETHA DR,OH,90521
54,SUEANN,3793756759,Female,745684,4955 JAMEY AVE,NJ,99260
55,ROBERT,1812296305,Female,850106,6522 GLADY BLVD,PA,69699
56,CALVIN,5108125653,Male,975739,755 BRANDON BLVD,NY,78165
57,LYDA,1986361730,Female,844054,8331 LORIS AVE,IN,50017
58,VALENCIA,7725974497,Female,997710,1476 JAMAR AVE,NH,23003
59,LUKE,7213609077,Male,749761,6932 JULIO AVE,VT,43106
60,FRANCISCO,5816281833,Male,755378,581 SHERITA BLVD,MA,11306
61,YU,8812574302,Female,103943,9874 BOYCE ST,NY,36842
62,DORETHA,4212535982,Female,337508,6147 REGINALD LN,PA,28597
63,ERIK,7342352040,Male,771847,4330 DARRON RD,PA,57479
64,QUINTON,2404386194,Male,651825,1423 VALENTIN LN,IL,50339
65,AUSTIN,5061657772,Male,873464,3750 GERTIE LN,PA,41019
66,MARNA,6894679084,Female,725410,857 DESHAWN LN,NY,61616
67,MIGUEL,5861990067,Male,343929,9123 JONELL DR,MA,87473
68,CHARLEY,1363163948,Male,496418,6149 YURIKO LN,NY,59339
69,WYATT,9165859546,Male,492733,3442 CHERRI BLVD,OH,21934
70,MARCI,2189578157,Female,615295,2621 VENA AVE,MA,65273
71,MORGAN,9416127123,Male,386922,8674 REY BLVD,OH,92774
72,KANDRA,4242850958,Female,339045,130 FREDIA LN,OH,11019
73,JESSIE,7996159764,Male,601692,2659 FLORINDA DR,OH,22131
74,VERNITA,7035739477,Female,692768,454 ANTONE BLVD,RI,15314
75,JONAS,6996783590,Male,136988,4238 CRISTINE BLVD,RI,35694
76,TONI,6422339485,Female,589560,5668 TORY LN,PA,31437
77,NORBERT,5747254822,Male,695420,9005 ANTONINA DR,NJ,48306
78,SHAD,3700722292,Male,194699,2120 DAMION AVE,ME,87471
79,WES,8165115219,Male,401256,7844 GABRIELE ST,OH,74075
80,LING,5116393564,Female,495548,5018 MARCELLUS DR,OH,16868
81,ROSALVA,5404689976,Female,524433,6505 BOBBY LN,NH,20665
82,TORY,5322555809,Female,73178,2003 MAISIE RD,NJ,93935
83,JUAN,7755340759,Female,230492,1827 HYUN AVE,CT,53279
84,FEDERICO,2869471609,Male,499019,2516 KAILA BLVD,MA,37376
85,JULENE,9518999698,Female,478046,8160 MYRTICE DR,PA,35715
86,JAKE,2667940236,Male,275397,1487 NATASHA BLVD,NY,93633
87,ODELL,7918246891,Female,672259,1519 SHIRLEEN BLVD,VT,63927
88,CHONG,7247469581,Male,297127,7893 KARIN BLVD,NJ,15535
89,CARLTON,2502389172,Male,333887,216 NICKY RD,ME,99195
90,MYLES,6244038901,Male,232216,5662 SHAYNE RD,IL,21222
91,KRYSTA,7596645241,Female,966876,5427 JAMES RD,IN,15813
92,DARRELL,7547740353,Male,226906,3403 CHRYSTAL DR,CT,49494
93,LAVERNE,6388634233,Male,390647,4031 PETE BLVD,IN,19481
94,HASSAN,8407121339,Male,79774,6852 KARLEEN AVE,OH,25482
95,SANTOS,4287545677,Male,464123,3597 JAZMINE LN,NH,65959
96,AIDE,1774766559,Female,543816,3705 SOL BLVD,VT,51890
97,GENA,7892004744,Female,592209,4376 LASHONDA ST,NY,25562
98,EARLENE,2780950047,Female,258657,4762 WANETTA RD,CT,80192
99,MABLE,5818068085,Female,706538,4564 TORY DR,IL,57042
100,TONEY,8132259021,Male,262320,4034 PIERRE LN,NJ,98427
101,DALTON,7994404593,Male,330764,9636 ROBERTA ST,NY,82498
102,TOSHIKO,2699006845,Female,215351,8463 MICHEL ST,PA,75108
103,ELNA,6946840169,Female,668057,9783 SHAYNE DR,OH,24157
104,KRISTIN,6835203211,Female,507734,5157 LUIS ST,IN,95559
105,MINH,8461953901,Male,602552,5243 GONZALO BLVD,MA,89207
106,GREGG,8824126025,Male,853518,4879 CHARLETTE RD,PA,15018
107,EMMANUEL,3825363696,Male,302741,5738 CARMEN BLVD,NY,56708
108,ELSA,5944435974,Female,53055,8146 TIMIKA RD,NY,41649
109,ROLANDO,2403027878,Male,890835,1122 CINTHIA DR,ME,27806
110,KARRI,7223265230,Female,178955,5966 HILDEGARD ST,RI,53098
111,SHONTA,2643547758,Female,459165,4421 SHEMEKA LN,CT,70640
112,GERMAINE,2676320895,Female,33261,8301 ASA LN,RI,77362
113,TANA,5637050360,Female,278911,2988 EARNESTINE RD,MA,99608
114,CHARITY,7994490502,Female,774601,2558 CORDIA LN,NY,43092
115,SONNY,9707046240,Male,962685,695 TRANG RD,VT,48369
116,ALANE,2528190125,Female,801227,6730 OK BLVD,OH,61457
117,NATHANIAL,9162764264,Male,607187,7782 PERRY LN,IL,82364
118,HOWARD,7253119004,Male,786429,2066 TRACEE BLVD,OH,16704
119,FRED,9285520483,Male,749439,3493 MAILE LN,VT,60603
120,HUONG,1897518180,Female,623534,5497 HARRIETT LN,RI,79832
121,SHAVONNE,5952336950,Female,917322,248 DULCIE RD,IL,30469
122,TAMEIKA,6555214845,Female,548897,6713 MARHTA AVE,MA,10132
123,LOLA,2897898250,Female,387927,252 LOVELLA DR,RI,43764
124,BONNY,9891639150,Female,474469,4666 TERRI LN,MA,18295
125,LEONORA,3489736517,Female,558401,9003 CHARLESETTA AVE,ME,44833
126,JOSE,8378402728,Male,300732,8912 SANDIE LN,VT,54861
127,AHMAD,4399526009,Male,915775,197 WONDA ST,RI,83830
128,BUD,5078158000,Male,618878,6844 ALAYNA LN,PA,12056
129,HUBERT,3921685706,Male,691554,5907 TIMIKA DR,OH,12508
130,ARCELIA,6334691567,Female,224135,6980 LOYD LN,OH,41029
131,SEE,1808653942,Female,491893,1168 MARGURITE DR,ME,45632
132,HARRIS,7913561613,Male,125031,5130 JULIO AVE,NY,42841
133,MORTON,6955509170,Male,843114,6477 DONNIE LN,OH,56475
134,EMILIE,6490470486,Female,891934,498 AJA AVE,IN,27739
135,COLTON,9009893860,Male,408558,173 TYSON ST,CT,24524
136,NOBUKO,5480166977,Female,912235,515 MARLYN AVE,MA,93305
137,SETH,3558353773,Male,453837,5115 WALTRAUD RD,MA,26434
138,MORA,4107727753,Female,795260,8613 DAMON LN,CT,92735
139,FELIPE,1355619273,Male,616989,2957 HELGA ST,NJ,52983
140,GEORGETTA,8655047056,Female,572570,7578 HEATHER AVE,IN,30030
141,PORTER,3199978512,Male,969492,5278 XAVIER ST,RI,69840
142,TOBIE,3243101651,Female,773996,5566 JONG ST,OH,82865
143,ALVIN,2474817915,Male,882452,1410 MITCH AVE,IL,56179
144,LOMA,8874864716,Female,567289,6031 AMAL RD,MA,51535
145,SCARLETT,4151446963,Female,50133,5635 TOBIE ST,NY,64242
146,ANNIS,8717053034,Female,985957,955 MARVELLA DR,MA,56908
147,MAYRA,2753317800,Female,492114,5915 DIERDRE LN,NJ,98122
148,ALEC,2770500178,Male,62179,7533 DIONNE ST,ME,18400
149,CLAYTON,5407438191,Male,52373,3001 TRACEE LN,CT,95646
150,LANE,7425405559,Female,114358,947 JEANMARIE AVE,NJ,13643
151,NOREEN,5638961719,Female,405966,1713 LISHA RD,MA,77711
152,ALBERTINA,5122440991,Female,30761,6271 MARK ST,IN,29252
153,ANGELO,7978101344,Male,55006,8012 BEE DR,ME,15789
154,DENIS,2411193473,Male,279757,5868 SHANA ST,ME,70673
155,KOREY,5887663701,Male,622359,320 TIFFANY LN,NY,61105
156,CHARLEEN,5294458604,Female,50457,512 DANELLE LN,NY,15004
157,CLAUDE,8674458533,Male,855966,533 KATTIE AVE,IL,99971
158,MORGAN,4962265121,Male,411709,8459 INA LN,ME,19574
159,COLTON,8123982614,Male,131247,7170 SHAWNEE ST,OH,60037
160,CHADWICK,7361632709,Male,995128,9625 DEVON BLVD,NJ,79020
161,DOUGLAS,8643301152,Male,949340,3983 EDYTHE RD,IL,52148
162,REAGAN,1209240825,Female,778133,6529 GABRIEL AVE,CT,61525
163,DUANE,8358117103,Male,663533,7669 RITA ST,VT,72175
164,MICHAL,9008358575,Male,828837,8350 OLIN BLVD,VT,28703
165,LAKENYA,4235960155,Female,235198,4321 GEORGIA DR,IL,52555
166,MARTIN,2852047268,Male,745362,6826 LETITIA AVE,CT,37285
167,DAVE,2533147435,Male,62742,7154 HEIKE AVE,OH,19983
168,GRACIE,8635571414,Female,601382,9175 ASA ST,MA,37192
169,WILLIE,3256161481,Male,888765,8178 NORENE LN,CT,47753
170,MAURICE,3938584896,Female,871546,6798 EVANGELINA ST,VT,92310
171,KIRBY,7680730795,Female,275929,6302 ARDITH AVE,OH,77049
172,SANDY,9572136196,Male,882431,1700 CHRISTINE ST,NY,86479
173,KEIRA,3998190721,Female,654726,9981 JACQUILINE RD,NJ,90518
174,JORGE,4407402660,Male,40995,1990 JACINTA DR,OH,51727
175,GINO,8287187104,Male,728920,8071 MILLIE ST,IN,82303
176,SONDRA,4805091226,Female,57033,2833 MIKA AVE,IL,96592
177,ARIEL,2134419316,Male,645973,2299 KARLENE ST,OH,84048
178,EDWARDO,9962716252,Male,646788,6738 CHARISSE ST,IN,69706
179,EDGAR,7474664165,Male,607547,6556 DONALD BLVD,MA,40116
180,MARLYS,4937649880,Female,509116,1227 QUENTIN AVE,ME,84202
181,CHANDRA,6435395261,Female,270804,1916 ELISSA ST,VT,22340
182,GLENN,3399704636,Male,37397,641 MAEGAN LN,CT,88869
183,GABRIEL,9294608875,Male,616726,5789 CARLEEN RD,RI,10674
184,LYNDON,6632830126,Male,265527,246 BETHANN BLVD,IN,54678
185,SAMMIE,7758848019,Male,267247,6121 VERNITA ST,PA,47735
186,MARIELLE,8651781948,Female,326640,6397 LAKEESHA ST,NH,62585
187,AMADO,8341389574,Male,692867,5977 EMMY BLVD,VT,62543
188,EMMY,4721652089,Female,533030,4873 CHI AVE,MA,55090
189,MARITA,6747076926,Female,269806,1901 KATHLYN AVE,OH,77309
190,JOSPEH,6631584984,Male,273957,5253 MARCELINE DR,NY,22044
191,ERICH,9450701958,Male,80991,9527 ORLANDO AVE,NH,44532
192,OLLIE,1766959137,Male,219606,6066 DARRYL ST,NY,11060
193,THOMAS,1556868797,Male,891411,3366 RILEY DR,OH,35913
194,CARLENA,8928976640,Female,100022,8897 LILLIE ST,PA,64450
195,JAMES,2871804879,Male,429764,774 BEATRIS BLVD,NY,86390
196,NUMBERS,8847240663,Male,740073,7536 PETER ST,IL,77768
197,BEN,4070222636,Male,316126,495 HOSEA LN,RI,27813
198,BOYCE,2372400647,Male,471631,8423 DEMETRICE RD,IN,23832
199,FLORIA,9131519714,Female,522620,3027 LADY LN,VT,26892
200,SHELTON,9927303830,Male,559992,5598 LARA AVE,PA,56012
201,VALENTIN,5397684345,Male,788554,198 MAN AVE,OH,39357
202,MILES,7344663113,Male,177841,3839 HANNELORE BLVD,VT,95628
203,ALEJANDRO,1376052376,Male,344471,8583 LINDSY DR,NH,17732
204,JEREMY,9160590702,Male,439258,3174 RISA AVE,PA,31956
205,MAXWELL,3237300109,Male,789092,5474 JENNY LN,IN,87920
206,ELYSE,7947877217,Female,972516,9450 EFFIE LN,OH,14313
207,CARMEN,1843495385,Male,75657,1120 EZEQUIEL ST,OH,98369
208,MADELYN,9539973109,Female,958421,5640 LISBETH DR,PA,31392
209,CLEO,8376631640,Male,439802,7290 MERISSA BLVD,OH,18824
210,JAMIE,4228282168,Male,443197,7700 LATOYIA ST,VT,16108
211,GILBERTO,8691090044,Male,597115,3548 GENEVIVE RD,RI,27875
212,TAWNA,6620531176,Female,600336,8901 CHASE RD,IL,74584
213,JENNETTE,8547124713,Female,357243,1471 RICARDO ST,IL,13655
214,SUANNE,2578451594,Female,518376,4333 NAPOLEON LN,OH,46497
215,LAVONDA,6938725896,Female,812215,8403 SHERRILL ST,IL,44587
216,ANTOINETTE,5959764620,Female,687399,9671 BOK AVE,NH,79116
217,TY,4745919149,Male,152261,7214 WENDIE DR,MA,28578
218,JANELL,8325062101,Female,289921,620 PASTY BLVD,NJ,60370
219,CAREY,3327533356,Male,385200,8544 MARGHERITA RD,MA,74940
220,TIFFINY,2424129702,Female,390755,1727 GRISEL LN,ME,18868
221,CECIL,3236393622,Male,933063,9704 RALEIGH AVE,NY,78187
222,WANITA,2491731479,Female,614884,3654 LILLIE DR,RI,40166
223,ANDREA,2496435124,Male,312250,5810 JANUARY ST,PA,71044
224,DAYNA,4305360565,Female,117327,5475 JOHNNA DR,VT,14601
225,LARRY,1492455756,Male,776433,4610 CHRISTIE LN,IN,55396
226,RUTHIE,2757396862,Female,114276,9825 COLLEN BLVD,MA,48871
227,LES,2231505915,Male,54017,234 TAWNA BLVD,NH,96666
228,DEL,2234521329,Male,851326,4176 REIKO ST,NJ,88269
229,CYRUS,7092823059,Male,640720,3793 OPHELIA BLVD,IN,74159
230,MICHELL,7114548980,Female,207771,8631 MARTY ST,CT,72563
231,JAN,5643294032,Male,133202,3092 KING AVE,NY,57470
232,NAN,3264889041,Female,554113,4715 ALYSON AVE,ME,71698
233,JEANNIE,7546535239,Female,242298,4183 SHARON ST,NJ,29044
234,STEPHAN,3337189891,Male,220053,3911 BETHEL DR,MA,41896
235,SUN,4186800033,Female,787011,7651 DIANNA RD,ME,31995
236,GARTH,6207602853,Male,589119,8720 LOUIE RD,MA,21267
237,LUELLA,6995204241,Female,736844,4618 LONI BLVD,RI,61943
238,JON,4668763555,Male,566111,1198 THERESIA ST,OH,96704
239,BARRETT,2241909674,Male,657431,2520 ORPHA DR,VT,58106
240,VENA,8251121000,Female,170108,468 PERRY DR,PA,89765
241,RICHIE,6589555066,Male,176089,7889 REINA DR,VT,55744
242,LAVETTE,2010352086,Female,482275,3645 MARYELLEN LN,MA,76801
243,PARIS,8075823311,Male,991616,5698 CHRISTIAN AVE,NJ,69796
244,GINGER,6398738933,Female,754958,1226 MIGUEL ST,IL,23528
245,MARGARET,4847981311,Female,678180,2944 SUNNI BLVD,IL,45084
246,STEPHEN,9678629846,Male,990992,2843 MOZELLE ST,ME,75510
247,KATIA,9967082121,Female,482917,1989 RUBEN ST,NY,87840
248,TRULA,4171269676,Female,942895,6390 ADRIENNE BLVD,MA,33437
249,WENDELL,7466646507,Male,645306,3814 KEVIN RD,ME,89230
250,MORRIS,3158063990,Male,469689,5184 LULU DR,RI,91150
251,KYLE,5888423393,Male,718937,4595 BRONWYN AVE,IL,53330
252,LLOYD,4241183753,Male,971665,1864 PIEDAD BLVD,IN,63026
253,ARLINDA,3881674967,Female,666986,6967 ISAIAS DR,RI,24735
254,ALFREDA,4602298320,Female,813030,8001 GISELA DR,CT,23108
255,LONDA,6421226996,Female,853264,1912 CATHERIN BLVD,IN,80256
256,KELLY,9765589791,Female,45544,2369 ENOCH AVE,ME,73089
257,GEORGINE,1603186606,Female,767047,6523 JESSIA LN,CT,39506
258,FERDINAND,4876202217,Male,79459,9915 JACKELINE ST,IN,48954
259,VIRGILIO,9825206457,Male,907479,7402 CHANELLE ST,IN,26661
260,CLEMENTINE,4568186502,Female,634557,7793 PATTIE BLVD,NJ,37739
261,EDWARD,4703363694,Male,578897,1249 MARTIN DR,NJ,30251
262,FRANSISCA,5274034808,Female,378357,205 DANELLE ST,VT,85806
263,AUDRA,2602095059,Female,296200,7490 LISETTE DR,OH,71672
264,DOLLY,5642304612,Female,490069,6386 CORAZON LN,OH,82257
265,JAY,4893175299,Male,180704,6647 WEI BLVD,MA,19236
266,FRED,3427543101,Male,726524,1215 JOANNIE BLVD,IL,49676
267,REYES,8794989755,Male,810069,7747 PIEDAD BLVD,PA,75821
268,CORNELL,6866864351,Male,860995,8493 TERRY ST,IL,20085
269,CLAIR,3658594709,Male,602258,497 LASANDRA LN,NH,15276
270,EUNICE,9342909056,Female,218552,5685 KITTY AVE,OH,64930
271,VAN,4116607375,Male,996805,815 MATTHEW LN,RI,31612
272,MIN,7787191496,Female,253376,547 SINDY LN,IL,97933
273,FRITZ,7139798186,Male,278751,6139 ADELIA BLVD,PA,37704
274,EMMETT,9095857724,Male,507663,4002 QUINN BLVD,IL,92986
275,JERALD,8558537780,Male,607127,2934 CHING DR,CT,88177
276,RICO,3060824449,Male,755435,3074 MERIDETH BLVD,IL,42646
277,GRETA,7617763498,Female,978689,3545 BARB AVE,NJ,77075
278,LUCIANO,1089064806,Male,231421,3327 DONNETTE ST,IN,70074
279,BERTRAM,7384215478,Male,883458,5247 JULIANN RD,NH,17696
280,LYLE,8571635300,Male,674862,9255 DALILA BLVD,IN,64377
281,LUANNA,2610509329,Female,739251,1569 RICKIE DR,NH,76339
282,RUSSELL,3420268308,Female,51178,775 GENARO DR,NJ,21990
283,MARLINE,4048499350,Female,839676,9533 MARLIN LN,PA,46401
284,DELBERT,1970730502,Male,166417,3840 MADELYN AVE,NJ,29040
285,MAGALY,1878047734,Female,172974,6767 KAY ST,IL,12253
286,HANK,3912430600,Male,822052,4537 RILEY DR,CT,90995
287,VINNIE,4163193400,Female,34268,2449 JOSEFINA DR,IL,98532
288,EVERETT,5919773646,Male,594711,772 KEENA BLVD,PA,97793
289,GERRY,2900905917,Male,710692,4611 INEZ RD,VT,74244
290,LEN,2214289346,Male,329618,9150 WYNONA RD,MA,59226
291,MICHAL,9998841843,Male,923938,2368 ROSANA ST,ME,44288
292,CARINA,5588886267,Female,491891,5458 ADRIA LN,NY,55131
293,SHERIDAN,5444366660,Female,676657,7369 SHERY LN,ME,37542
294,ERIN,5251200226,Male,132309,8870 KEIKO RD,IN,98275
295,HORACE,1138648481,Male,274328,4043 ROBBY LN,ME,63279
296,BRITT,1853460693,Male,545675,1588 LUZ RD,IN,27068
297,CATHERINA,8732875805,Female,701140,9977 JAVIER BLVD,VT,36988
298,SONIA,5186389342,Female,491940,3626 MANA DR,PA,10919
299,ALEC,3026537230,Male,663624,4623 TYNISHA BLVD,ME,53128
300,THERESIA,9970817917,Female,160533,8232 CASSIDY LN,IL,95730
301,CLIFTON,4777535638,Male,928495,392 KIMBERLIE BLVD,MA,77790
302,ISIDRA,1625298985,Female,562546,5366 VIOLETA DR,CT,19907
303,SHERMAN,8289920511,Male,712649,6307 DANIELE RD,MA,67786
304,TREVOR,3262221860,Male,900420,9969 KATHE BLVD,MA,86730
305,KRISTOFER,7139189830,Male,807059,3566 ZACHARIAH ST,MA,67860
306,PEARLY,5023990078,Female,909789,727 MIRNA AVE,IL,21178
307,LIZA,5728757627,Female,287569,8626 IRA RD,CT,99599
308,MATILDA,7811146114,Female,766850,9315 VICENTA ST,PA,91959
309,WALLY,2044498984,Male,267475,2451 LIBBIE DR,MA,93470
310,CATINA,1291687974,Female,323012,1664 LOUELLA LN,OH,85654
311,ELA,5260419077,Female,772650,1324 JOSPEH AVE,NY,55486
312,SEYMOUR,2038809504,Male,843851,1560 KENDAL DR,MA,42487
313,MIRTA,7240500489,Female,947213,275 KRIS AVE,IL,78061
314,MARYBETH,8347857363,Female,780496,9430 GHISLAINE LN,ME,36271
315,LYMAN,2158260647,Male,869735,4389 DOVIE RD,VT,28999
316,HERSCHEL,2921140258,Male,692221,4775 BARBAR LN,ME,71368
317,JINNY,1836040671,Female,908136,223 BRITNEY RD,ME,43698
318,AMADO,2735846711,Male,668243,8249 BERTIE ST,CT,12037
319,ANTOINE,5428982134,Male,355201,5385 KASHA DR,PA,53309
320,JORDAN,1532256361,Male,404855,7839 FREDERICA ST,RI,56404
321,OSVALDO,7056478310,Male,642450,1829 FREDERIC LN,OH,27172
322,EZEKIEL,3061607502,Male,442411,1683 ZITA RD,RI,48840
323,VIVAN,2449024231,Female,181465,124 ERROL BLVD,VT,69288
324,ROSALINE,7275909608,Female,602374,2905 ANDREE AVE,NY,23533
325,EDDY,4112637374,Male,357648,9025 CHANG LN,NJ,22127
326,SOLOMON,4180373309,Male,287776,1922 CARRIE AVE,MA,31720
327,HORACE,9706986420,Male,426899,367 MIKEL RD,NJ,20861
328,JOSPHINE,6191156112,Female,788424,6388 SUMMER AVE,RI,87933
329,RASHEEDA,6096290745,Female,700876,237 SHARDA AVE,IL,40632
330,RALEIGH,6642903361,Male,689433,7760 KATHIE BLVD,NJ,31470
331,CONRAD,9160793504,Male,369281,480 WANITA AVE,IL,47528
332,AUDREY,5218590490,Female,511594,8579 NAOMI ST,ME,88857
333,JOHNNIE,5436367724,Male,464050,7751 HANNELORE BLVD,NY,35873
334,AIDA,9966832443,Female,574223,9175 BREE LN,NJ,37244
335,CARL,7633808083,Male,782291,5715 JASON ST,IL,48687
336,ILEEN,2217840684,Female,70777,1510 JENNI AVE,RI,64068
337,DARNELL,6511230431,Male,449998,9173 DAVID DR,ME,93258
338,QUINN,5956426332,Male,737348,7170 DANI DR,IL,88731
339,DEL,6882707451,Male,469081,9697 DAYSI ST,VT,14883
340,NAPOLEON,2332998065,Male,744831,3815 SCARLETT ST,ME,13150
341,KARON,9121412363,Female,949860,1232 JONAS ST,IL,14192
342,GARRY,9632504550,Male,575458,7264 JINA ST,NJ,62016
343,DANILO,1162606025,Male,532095,2686 JERROD DR,NH,72075
344,JACKI,6606057003,Female,440189,629 BRIAN BLVD,VT,70464
345,BRAIN,9303058033,Male,694372,5168 ETHA ST,ME,18918
346,TODD,5687681949,Male,37415,4926 IVONNE RD,NY,14337
347,LORINE,4727516857,Female,522549,1431 CHARIS ST,NY,83493
348,EDGAR,9919925444,Male,98492,1997 MEREDITH RD,OH,66732
349,RICHIE,4813873521,Male,596080,1769 ASA BLVD,CT,65329
350,SUMMER,5115564681,Female,795901,9161 NITA RD,CT,59563
351,CARLIE,2317331206,Female,623481,1599 BRENDA LN,ME,57756
352,TRULA,7465667517,Female,51983,230 CHRISTOPHER ST,NJ,99324
353,CELESTINE,1799787745,Female,898678,8120 MAURICE DR,MA,46112
354,VEDA,4746143253,Female,210556,5855 CHANEL ST,RI,22461
355,JESTINE,6374349916,Female,228724,1996 VANNA DR,CT,41845
356,MITCHEL,4304740215,Male,318187,6454 SHYLA BLVD,NY,93594
357,ERICH,8547189145,Male,593175,4526 JACQUELINE BLVD,NY,45087
358,NYLA,8080500381,Female,38162,4469 SONDRA DR,CT,33490
359,HOYT,3722701823,Male,209256,8249 ANGELINA LN,IL,87764
360,GREGORIO,3913608138,Male,300590,185 JULIO LN,MA,53174
361,BROOKS,5152069254,Male,704170,8998 MONIQUE AVE,IN,96274
362,EMERY,6783803024,Male,152716,373 KATTIE BLVD,MA,72900
363,NELLA,9250013754,Female,831316,9928 JACOB DR,PA,90562
364,FRANCENE,8548764443,Female,199605,2620 KATHALEEN AVE,OH,94271
365,SHAWANDA,9861241110,Female,195966,9414 EDWARD BLVD,CT,34193
366,OTIS,2074994739,Male,447260,4304 TOMIKO DR,ME,51999
367,NIDA,7401610232,Female,155794,4209 CELSA BLVD,NJ,43089
368,KA,5395098321,Female,707540,8517 SHAVONNE ST,ME,45684
369,DANNIE,4102554788,Female,52605,6891 CONCEPTION RD,NJ,13335
370,STEVIE,9697265816,Male,403027,3544 NIKITA AVE,NH,38731
371,BERRY,3701007104,Male,551254,5271 LAWANA DR,MA,74060
372,SUSANN,7404878513,Female,773918,8700 LEOLA RD,VT,76937
373,AMBROSE,3556212500,Male,351616,2225 ELVINA ST,MA,18368
374,PEGGIE,1190144694,Female,543419,7814 LOYD LN,IN,16624
375,DANNIE,3418584966,Male,620505,4331 BERNARDO BLVD,VT,27115
376,FRANCOISE,5478615251,Female,138265,1749 DEJA DR,NH,50165
377,EUGENE,9620472456,Female,821088,7883 BREE AVE,RI,38042
378,CHUCK,9347928778,Male,482921,8174 NORINE ST,ME,36959
379,JOANIE,2149488984,Female,878669,2342 DIONE BLVD,VT,48190
380,ROSELEE,2475713489,Female,200151,7655 WHITNEY DR,VT,38717
381,GILBERT,7891459276,Male,794591,5310 LUCY RD,RI,51433
382,HARRIS,5290365211,Male,147913,6306 ADELL BLVD,NJ,53683
383,KAREN,8084925653,Female,700476,3156 BERNICE LN,MA,72290
384,FRIEDA,9140593299,Female,970032,1832 GUSTAVO AVE,CT,21698
385,BRADLY,3848338914,Male,771223,2404 IRVIN RD,MA,92858
386,JARRETT,5698318442,Male,115813,9548 SERAFINA RD,PA,49600
387,OLENE,4874487505,Female,586858,7515 BRITNEY BLVD,RI,32882
388,MAN,4845883467,Female,990595,2751 SANFORD ST,RI,78173
389,SAMIRA,4585277269,Female,378141,8559 FLORENTINA BLVD,OH,17374
390,PRESTON,3145329705,Male,272385,1167 HUEY AVE,ME,23045
391,CORNELIUS,5814999672,Male,170488,3365 HALEY LN,IN,51216
392,SHAWANA,2271275517,Female,683240,3052 SIERRA ST,IN,81884
393,CHRISTIAN,6634063778,Female,212446,1897 ROOSEVELT AVE,IN,79265
394,JENE,9032153535,Female,362922,5635 SONDRA BLVD,OH,28983
395,KRISTIN,1600459065,Female,118130,9307 TOM ST,NH,17203
396,LOYD,3866849636,Male,833131,1127 SHERMAN ST,CT,33244
397,JALEESA,9398550438,Female,710972,8786 REITA DR,VT,64883
398,RUSSELL,5341231792,Male,190921,3395 MICAH LN,RI,26949
399,CELENA,8517896186,Female,955922,4930 ELLYN BLVD,IN,64178
400,DYLAN,6602189979,Male,859800,8852 ELENOR AVE,RI,53953
401,JESSI,1061298954,Female,911563,7750 RYAN AVE,ME,99448
402,GARRY,3050087665,Male,209109,3261 LOYD BLVD,IN,76354
403,GUILLERMO,8135506646,Male,157295,7985 NITA AVE,MA,25234
404,RAQUEL,3215701471,Female,767157,1572 CARSON LN,MA,29286
405,KARYL,2572847659,Female,130455,6271 LILI ST,VT,85164
406,CAROLEE,3608050211,Female,830577,9884 ARLINDA AVE,IL,47614
407,LANNY,4882501790,Male,782115,2234 MINNIE DR,NJ,46126
408,ALEX,6021436563,Female,775005,5605 LANELLE RD,NH,61944
409,EDMUND,6770120401,Male,957607,4166 MARCELINA AVE,IL,26240
410,KENTON,7906415177,Male,341361,4114 LEESA DR,NY,55202
411,MAURICE,7701625996,Male,510457,201 MIKAELA DR,MA,28512
412,TONDA,9483930184,Female,520962,4740 CLINTON AVE,NY,69720
413,ELEANORE,6585950514,Female,342292,2648 KATHEY AVE,NY,89824
414,TREVOR,5409475525,Male,922737,3022 ELWANDA ST,NH,65204
415,TEOFILA,9004148509,Female,942117,8852 MARKETTA ST,ME,54509
416,NICKY,3537806792,Male,882966,1450 FLETCHER ST,NH,36505
417,SHERMAN,8976060689,Male,375832,4430 HAILEY LN,NJ,68055
418,HATTIE,7209553814,Female,986321,3750 TYLER RD,IN,88129
419,CLARINE,6793436349,Female,869716,2766 CONSTANCE DR,CT,46842
420,LONNIE,2623422060,Male,346460,4288 JACKELYN ST,ME,13629
421,JACLYN,4535917675,Female,439290,6845 ADOLPH RD,RI,84638
422,RANDALL,6222383947,Male,808456,7517 SAMMY DR,IL,22862
423,JOHNNA,9413470726,Female,843859,4362 SALLIE LN,NY,74697
424,ANTONIO,3552178157,Male,209660,8170 BULA ST,IN,48129
425,ELIZA,5940687809,Female,916991,9035 RICHARD LN,VT,95926
426,TONEY,4401567636,Male,638982,5077 ANTONIO LN,ME,56404
427,BART,5726386170,Male,621487,2542 TIERRA RD,CT,11900
428,BRITTNY,5331365008,Female,274799,7155 ANAMARIA AVE,NJ,10553
429,BOYCE,9880050062,Male,844188,324 CAROLL RD,NH,26693
430,RUDY,4152535236,Male,712526,9078 BURT RD,NY,61708
431,HARLAN,2633340490,Male,733002,5323 MARIELLA AVE,IN,36344
432,BRYNN,3559167457,Female,740583,628 EVELYNE AVE,IN,92609
433,OWEN,6747928351,Male,793298,3115 GENNA ST,PA,14676
434,BRAIN,8547762401,Male,375978,5093 HAYDEN ST,IL,64406
435,GALE,9237211209,Male,200191,6325 JANINE AVE,ME,26873
436,LEO,9787530153,Female,676797,8698 CLARICE ST,IN,62373
437,LUCIUS,4130373366,Male,596536,1919 PAMELA ST,NJ,13692
438,ALFREDO,4390599622,Male,603034,6917 KATELYN RD,VT,28050
439,ERICK,8367160414,Male,729464,4524 JONELL RD,PA,87246
440,DANTE,3861058405,Male,758110,4492 SHAWNNA BLVD,NJ,17619
441,ROSANNE,6837600417,Female,234221,5679 LADONNA ST,PA,34643
442,ISABELLA,9424067133,Female,977569,6500 RON LN,RI,15732
443,AURELIA,4045992988,Female,566015,5025 CARMELO RD,IN,65337
444,TEREASA,1770809339,Female,866244,2097 CHRISTEN DR,CT,48626
445,ELWOOD,2033136528,Male,530800,3257 TRISH AVE,NJ,52953
446,KASEY,5898225684,Female,886810,5854 RAYLENE ST,NH,70412
447,DAMION,7913574933,Male,537635,2409 MARYJANE RD,ME,18694
448,WM,2691762327,Male,336055,1857 TWANA DR,IL,48706
449,MABEL,3431097748,Female,453904,6856 LORIS BLVD,PA,42164
450,MITCHELL,5079215668,Male,591303,2482 REINA BLVD,OH,76946
451,JACKIE,2467406929,Male,827769,456 SANJUANITA ST,NH,77289
452,MORGAN,4966447266,Male,801971,7923 NATASHIA LN,CT,74681
453,ROBERTO,1896681465,Male,694683,6718 CHRISTIAN LN,CT,54572
454,BUCK,9177970636,Male,303001,1187 VIVAN ST,NY,98000
455,VANCE,6732807084,Male,495226,393 PEGGIE DR,VT,93640
456,IRWIN,8433409542,Male,405836,6247 CHRISTIE RD,ME,92375
457,ANDRE,3589201373,Female,601572,2046 BLAIR RD,ME,28792
458,DWIGHT,9807824966,Male,988172,9214 ALVA ST,RI,57377
459,KOREY,7154413637,Male,705550,4796 TIM RD,OH,46048
460,JOLYN,1918315624,Female,790510,7520 CRAIG ST,NY,31850
461,CHELSEA,5689376488,Female,834929,989 DAGNY ST,PA,75062
462,JOSPEH,8691355794,Male,802180,8888 OLETA DR,CT,75161
463,KIMBRA,4331186557,Female,285619,2228 LUCINDA ST,NH,28406
464,WES,9983092185,Male,908169,7205 ASUNCION DR,OH,61835
465,HAYWOOD,9425429729,Male,767438,8654 LATASHA ST,IL,49254
466,TERISA,4253164766,Female,510277,9449 MARVIS ST,ME,44591
467,ELICIA,4169451783,Female,891061,5244 NEVADA DR,NJ,77335
468,WILTON,6630893366,Male,751419,1349 ANETTE BLVD,CT,10894
469,ARVILLA,4996087729,Female,48958,5181 DEANDRA RD,IN,97286
470,AGNUS,4181564447,Female,317671,8532 BETTINA BLVD,PA,62610
471,CHARA,6612706641,Female,45619,9540 EUSTOLIA LN,NJ,23989
472,CLYDE,5954537246,Male,508531,4396 NENA BLVD,IL,99784
473,HEDWIG,4047788660,Female,607948,7543 ROSANN BLVD,OH,22318
474,JOHNATHAN,3374180913,Male,843233,4212 SARITA BLVD,VT,17474
475,MARY,3044930720,Male,596854,8362 MARJORY BLVD,NJ,91303
476,RACHELLE,3672927306,Female,406321,4926 BERYL AVE,NY,68392
477,BEAU,5152095182,Male,149030,880 JOEY AVE,ME,94747
478,LINDSEY,2393401260,Female,741128,307 DAPHINE BLVD,PA,33078
479,ZANE,3413634325,Male,307172,1815 BENEDICT RD,NY,43767
480,WINFORD,5588043308,Male,535013,9674 BAMBI BLVD,VT,40333
481,DONG,6317515612,Male,578743,392 BREANNE BLVD,NY,78724
482,JERRIE,2047366628,Female,890112,8928 TIANA ST,CT,41586
483,LAURAN,2861917208,Female,498404,4400 YOLANDA RD,VT,98534
484,DUDLEY,7984697554,Male,270136,6507 DOUGLAS RD,RI,23141
485,SEBASTIAN,1708763869,Male,73598,8845 GRACE LN,MA,20295
486,DEL,6096765956,Male,437834,406 CANDIS BLVD,VT,83859
487,CHAROLETTE,5337897845,Female,842881,6118 MAGNOLIA RD,IL,98632
488,EUGENE,5572914184,Female,226842,6012 LAURALEE BLVD,MA,37892
489,PHUONG,3578218911,Female,892823,8383 BRANT BLVD,IL,86379
490,SAUNDRA,3647679758,Female,405052,4284 JOELLA BLVD,OH,34238
491,COLLIN,5713308559,Male,186987,4350 VICKIE BLVD,OH,20604
492,MONROE,8140263011,Male,889134,2532 RANA ST,PA,30671
493,KATELIN,5301725874,Female,173110,605 GERTRUD AVE,IL,22415
494,BERNARDINE,3962981219,Female,481805,150 ILLA ST,ME,90543
495,LECIA,7871563735,Female,452862,6736 EMIL BLVD,MA,31934
496,ARLA,7970294928,Female,196890,9524 KENYATTA ST,CT,26481
497,PORFIRIO,6641910362,Male,936481,5803 KARINE ST,NJ,84394
498,ROSSIE,3987993236,Female,314425,3491 LEANDRA RD,NJ,91707
499,PERCY,4909755748,Male,261395,6439 VAL BLVD,CT,93300
